{
  "screenTimeOut": 30000,
  "transitionTime": 5000,
  "isEnableShowWhenChargerConnected": false,
  "isEnableStaticQRCode": false,
  "list": [
    {
      "fileName": "screen_saver1.webp",
      "id": 0,
      "ranking": 0,
      "startDate": "2023-07-01 12:00:00",
      "endDate": "2025-07-01 12:00:00"
    },{
      "fileName": "screen_saver2.webp",
      "id": 0,
      "ranking": 0,
      "startDate": "2023-07-01 12:00:00",
      "endDate": "2025-07-01 12:00:00"
    },{
      "fileName": "screen_saver3.webp",
      "id": 0,
      "ranking": 0,
      "startDate": "2023-07-01 12:00:00",
      "endDate": "2025-07-01 12:00:00"
    },{
      "fileName": "screen_saver4.webp",
      "id": 0,
      "ranking": 0,
      "startDate": "2023-07-01 12:00:00",
      "endDate": "2025-07-01 12:00:00"
    },{
      "fileName": "screen_saver5.webp",
      "id": 0,
      "ranking": 0,
      "startDate": "2023-07-01 12:00:00",
      "endDate": "2025-07-01 12:00:00"
    },{
      "fileName": "screen_saver6.webp",
      "id": 0,
      "ranking": 0,
      "startDate": "2023-07-01 12:00:00",
      "endDate": "2025-07-01 12:00:00"
    },{
      "fileName": "screen_saver7.webp",
      "id": 0,
      "ranking": 0,
      "startDate": "2023-07-01 12:00:00",
      "endDate": "2025-07-01 12:00:00"
    },{
      "fileName": "screen_saver8.webp",
      "id": 0,
      "ranking": 0,
      "startDate": "2023-07-01 12:00:00",
      "endDate": "2025-07-01 12:00:00"
    },{
      "fileName": "screen_saver9.webp",
      "id": 0,
      "ranking": 0,
      "startDate": "2023-07-01 12:00:00",
      "endDate": "2025-07-01 12:00:00"
    }
  ]
}
