{
  "bannerAttachDelayTime": 0,
  "bannerTransitionTimeInSec": 5000,
  "list": [
    {
      "actionType": 1001,
      "fileName": "banner1.webp",
      "id": 0,
      "showIn": "home",
      "ranking": 1,
      "actionText": "{\"formButtonText\":\"Submit\",\"campId\":1001,\"campName\":\"BonusDukaan\",\"fieldList\":[{\"fieldData\":\"\",\"fieldName\":\"Enter your Mobile Number\",\"fieldType\":\"edit_text\",\"inputType\":\"text\",\"isSpinnerSelectTitle\":false,\"maxLength\":10,\"paramKey\":\"mobile\",\"validation\":\"mobile\"},{\"fieldData\":\"[{\\\"id\\\":0,\\\"title\\\":\\\"Silver\\\"},{\\\"id\\\":1,\\\"title\\\":\\\"Gold\\\"}]\",\"fieldName\":\"Select Package\",\"fieldType\":\"spinner\",\"inputType\":\"text\",\"isSpinnerSelectTitle\":false,\"maxLength\":0,\"paramKey\":\"package\",\"validation\":\"\"}],\"isShowActionbar\":false,\"popup\":{\"buttonText\":\"Continue\",\"description\":\"Your request has been submitted. Someone from our team will contact you shortly \",\"descriptionSecondary\":\"We\\u0027ll get back to you shortly.\",\"title\":\"Thank You!\"},\"subTitle\":\"Upgrade to enjoy more new features\",\"title\":\"Bonus Dukaan\"}",
      "startDate": "2023-07-01 12:00:00",
      "endDate": "2025-07-01 12:00:00"
    },
    {
      "actionType": 0,
      "fileName": "banner2.webp",
      "id": 1,
      "showIn": "home",
      "ranking": 1,
      "actionText": "",
      "startDate": "2023-07-01 12:00:00",
      "endDate": "2025-07-01 12:00:00"
    },
    {
      "actionType": 0,
      "fileName": "banner3.webp",
      "id": 2,
      "showIn": "home",
      "ranking": 1,
      "actionText": "",
      "startDate": "2023-07-01 12:00:00",
      "endDate": "2025-07-01 12:00:00"
    },
    {
      "actionType": 0,
      "fileName": "banner4.webp",
      "id": 3,
      "showIn": "home",
      "ranking": 1,
      "actionText": "",
      "startDate": "2023-07-01 12:00:00",
      "endDate": "2025-07-01 12:00:00"
    },
    {
      "actionType": 0,
      "fileName": "banner5.webp",
      "id": 4,
      "showIn": "home",
      "ranking": 1,
      "actionText": "",
      "startDate": "2023-07-01 12:00:00",
      "endDate": "2025-07-01 12:00:00"
    }
  ]
}
